1,2020-09-01,2020,September,9
2,2020-09-02,2020,September,9
3,2020-09-03,2020,September,9
4,2020-09-04,2020,September,9
5,2020-09-05,2020,September,9
6,2020-09-06,2020,September,9
7,2020-09-07,2020,September,9
8,2020-09-08,2020,September,9
9,2020-09-09,2020,September,9
10,2020-09-10,2020,September,9
11,2020-09-11,2020,September,9
12,2020-09-12,2020,September,9
13,2020-09-13,2020,September,9
14,2020-09-14,2020,September,9
15,2020-09-15,2020,September,9
16,2020-09-16,2020,September,9
17,2020-09-17,2020,September,9
18,2020-09-18,2020,September,9
19,2020-09-19,2020,September,9
20,2020-09-20,2020,September,9
21,2020-09-21,2020,September,9
22,2020-09-22,2020,September,9
23,2020-09-23,2020,September,9
24,2020-09-24,2020,September,9
25,2020-09-25,2020,September,9
26,2020-09-26,2020,September,9
27,2020-09-27,2020,September,9
28,2020-09-28,2020,September,9
29,2020-09-29,2020,September,9
30,2020-09-30,2020,September,9
31,2020-10-01,2020,October,10
32,2020-10-02,2020,October,10
33,2020-10-03,2020,October,10
34,2020-10-04,2020,October,10
35,2020-10-05,2020,October,10
36,2020-10-06,2020,October,10
37,2020-10-07,2020,October,10
38,2020-10-08,2020,October,10
39,2020-10-09,2020,October,10
40,2020-10-10,2020,October,10
41,2020-10-11,2020,October,10
42,2020-10-12,2020,October,10
43,2020-10-13,2020,October,10
44,2020-10-14,2020,October,10
45,2020-10-15,2020,October,10
46,2020-10-16,2020,October,10
47,2020-10-17,2020,October,10
48,2020-10-18,2020,October,10
49,2020-10-19,2020,October,10
50,2020-10-20,2020,October,10
51,2020-10-21,2020,October,10
52,2020-10-22,2020,October,10
53,2020-10-23,2020,October,10
54,2020-10-24,2020,October,10
55,2020-10-25,2020,October,10
56,2020-10-26,2020,October,10
57,2020-10-27,2020,October,10
58,2020-10-28,2020,October,10
59,2020-10-29,2020,October,10
60,2020-10-30,2020,October,10
61,2020-10-31,2020,October,10
62,2020-11-01,2020,November,11
63,2020-11-02,2020,November,11
64,2020-11-03,2020,November,11
65,2020-11-04,2020,November,11
66,2020-11-05,2020,November,11
67,2020-11-06,2020,November,11
68,2020-11-07,2020,November,11
69,2020-11-08,2020,November,11
70,2020-11-09,2020,November,11
71,2020-11-10,2020,November,11
72,2020-11-11,2020,November,11
73,2020-11-12,2020,November,11
74,2020-11-13,2020,November,11
75,2020-11-14,2020,November,11
76,2020-11-15,2020,November,11
77,2020-11-16,2020,November,11
78,2020-11-17,2020,November,11
79,2020-11-18,2020,November,11
80,2020-11-19,2020,November,11
81,2020-11-20,2020,November,11
82,2020-11-21,2020,November,11
83,2020-11-22,2020,November,11
84,2020-11-23,2020,November,11
85,2020-11-24,2020,November,11
86,2020-11-25,2020,November,11
87,2020-11-26,2020,November,11
88,2020-11-27,2020,November,11
89,2020-11-28,2020,November,11
90,2020-11-29,2020,November,11
91,2020-11-30,2020,November,11
92,2020-12-01,2020,December,12
93,2020-12-02,2020,December,12
94,2020-12-03,2020,December,12
95,2020-12-04,2020,December,12
96,2020-12-05,2020,December,12
97,2020-12-06,2020,December,12
98,2020-12-07,2020,December,12
99,2020-12-08,2020,December,12
100,2020-12-09,2020,December,12
101,2020-12-10,2020,December,12
102,2020-12-11,2020,December,12
103,2020-12-12,2020,December,12
104,2020-12-13,2020,December,12
105,2020-12-14,2020,December,12
106,2020-12-15,2020,December,12
107,2020-12-16,2020,December,12
108,2020-12-17,2020,December,12
109,2020-12-18,2020,December,12
110,2020-12-19,2020,December,12
111,2020-12-20,2020,December,12
112,2020-12-21,2020,December,12
113,2020-12-22,2020,December,12
114,2020-12-23,2020,December,12
115,2020-12-24,2020,December,12
116,2020-12-25,2020,December,12
117,2020-12-26,2020,December,12
118,2020-12-27,2020,December,12
119,2020-12-28,2020,December,12
120,2020-12-29,2020,December,12
121,2020-12-30,2020,December,12
122,2020-12-31,2020,December,12
123,2021-01-01,2021,January,1
124,2021-01-02,2021,January,1
125,2021-01-03,2021,January,1
126,2021-01-04,2021,January,1
127,2021-01-05,2021,January,1
128,2021-01-06,2021,January,1
129,2021-01-07,2021,January,1
130,2021-01-08,2021,January,1
131,2021-01-09,2021,January,1
132,2021-01-10,2021,January,1
133,2021-01-11,2021,January,1
134,2021-01-12,2021,January,1
135,2021-01-13,2021,January,1
136,2021-01-14,2021,January,1
137,2021-01-15,2021,January,1
138,2021-01-16,2021,January,1
139,2021-01-17,2021,January,1
140,2021-01-18,2021,January,1
141,2021-01-19,2021,January,1
142,2021-01-20,2021,January,1
143,2021-01-21,2021,January,1
144,2021-01-22,2021,January,1
145,2021-01-23,2021,January,1
146,2021-01-24,2021,January,1
147,2021-01-25,2021,January,1
148,2021-01-26,2021,January,1
149,2021-01-27,2021,January,1
150,2021-01-28,2021,January,1
151,2021-01-29,2021,January,1
152,2021-01-30,2021,January,1
153,2021-01-31,2021,January,1
154,2021-02-01,2021,February,2
155,2021-02-02,2021,February,2
156,2021-02-03,2021,February,2
157,2021-02-04,2021,February,2
158,2021-02-05,2021,February,2
159,2021-02-06,2021,February,2
160,2021-02-07,2021,February,2
161,2021-02-08,2021,February,2
162,2021-02-09,2021,February,2
163,2021-02-10,2021,February,2
164,2021-02-11,2021,February,2
165,2021-02-12,2021,February,2
166,2021-02-13,2021,February,2
167,2021-02-14,2021,February,2
168,2021-02-15,2021,February,2
169,2021-02-16,2021,February,2
170,2021-02-17,2021,February,2
171,2021-02-18,2021,February,2
172,2021-02-19,2021,February,2
173,2021-02-20,2021,February,2
174,2021-02-21,2021,February,2
175,2021-02-22,2021,February,2
176,2021-02-23,2021,February,2
177,2021-02-24,2021,February,2
178,2021-02-25,2021,February,2
179,2021-02-26,2021,February,2
180,2021-02-27,2021,February,2
181,2021-02-28,2021,February,2
182,2021-03-01,2021,March,3
183,2021-03-02,2021,March,3
184,2021-03-03,2021,March,3
185,2021-03-04,2021,March,3
186,2021-03-05,2021,March,3
187,2021-03-06,2021,March,3
188,2021-03-07,2021,March,3
189,2021-03-08,2021,March,3
190,2021-03-09,2021,March,3
191,2021-03-10,2021,March,3
192,2021-03-11,2021,March,3
193,2021-03-12,2021,March,3
194,2021-03-13,2021,March,3
195,2021-03-14,2021,March,3
196,2021-03-15,2021,March,3
197,2021-03-16,2021,March,3
198,2021-03-17,2021,March,3
199,2021-03-18,2021,March,3
200,2021-03-19,2021,March,3
201,2021-03-20,2021,March,3
202,2021-03-21,2021,March,3
203,2021-03-22,2021,March,3
204,2021-03-23,2021,March,3
205,2021-03-24,2021,March,3
206,2021-03-25,2021,March,3
207,2021-03-26,2021,March,3
208,2021-03-27,2021,March,3
209,2021-03-28,2021,March,3
210,2021-03-29,2021,March,3
211,2021-03-30,2021,March,3
212,2021-03-31,2021,March,3
213,2021-04-01,2021,April,4
214,2021-04-02,2021,April,4
215,2021-04-03,2021,April,4
216,2021-04-04,2021,April,4
217,2021-04-05,2021,April,4
218,2021-04-06,2021,April,4
219,2021-04-07,2021,April,4
220,2021-04-08,2021,April,4
221,2021-04-09,2021,April,4
222,2021-04-10,2021,April,4
223,2021-04-11,2021,April,4
224,2021-04-12,2021,April,4
225,2021-04-13,2021,April,4
226,2021-04-14,2021,April,4
227,2021-04-15,2021,April,4
228,2021-04-16,2021,April,4
229,2021-04-17,2021,April,4
230,2021-04-18,2021,April,4
231,2021-04-19,2021,April,4
232,2021-04-20,2021,April,4
233,2021-04-21,2021,April,4
234,2021-04-22,2021,April,4
235,2021-04-23,2021,April,4
236,2021-04-24,2021,April,4
237,2021-04-25,2021,April,4
238,2021-04-26,2021,April,4
239,2021-04-27,2021,April,4
240,2021-04-28,2021,April,4
241,2021-04-29,2021,April,4
242,2021-04-30,2021,April,4
243,2021-05-01,2021,May,5
244,2021-05-02,2021,May,5
245,2021-05-03,2021,May,5
246,2021-05-04,2021,May,5
247,2021-05-05,2021,May,5
248,2021-05-06,2021,May,5
249,2021-05-07,2021,May,5
250,2021-05-08,2021,May,5
251,2021-05-09,2021,May,5
252,2021-05-10,2021,May,5
253,2021-05-11,2021,May,5
254,2021-05-12,2021,May,5
255,2021-05-13,2021,May,5
256,2021-05-14,2021,May,5
257,2021-05-15,2021,May,5
258,2021-05-16,2021,May,5
259,2021-05-17,2021,May,5
260,2021-05-18,2021,May,5
261,2021-05-19,2021,May,5
262,2021-05-20,2021,May,5
263,2021-05-21,2021,May,5
264,2021-05-22,2021,May,5
265,2021-05-23,2021,May,5
266,2021-05-24,2021,May,5
267,2021-05-25,2021,May,5
268,2021-05-26,2021,May,5
269,2021-05-27,2021,May,5
270,2021-05-28,2021,May,5
271,2021-05-29,2021,May,5
272,2021-05-30,2021,May,5
273,2021-05-31,2021,May,5
274,2021-06-01,2021,June,6
275,2021-06-02,2021,June,6
276,2021-06-03,2021,June,6
277,2021-06-04,2021,June,6
278,2021-06-05,2021,June,6
279,2021-06-06,2021,June,6
280,2021-06-07,2021,June,6
281,2021-06-08,2021,June,6
282,2021-06-09,2021,June,6
283,2021-06-10,2021,June,6
284,2021-06-11,2021,June,6
285,2021-06-12,2021,June,6
286,2021-06-13,2021,June,6
287,2021-06-14,2021,June,6
288,2021-06-15,2021,June,6
289,2021-06-16,2021,June,6
290,2021-06-17,2021,June,6
291,2021-06-18,2021,June,6
292,2021-06-19,2021,June,6
293,2021-06-20,2021,June,6
294,2021-06-21,2021,June,6
295,2021-06-22,2021,June,6
296,2021-06-23,2021,June,6
297,2021-06-24,2021,June,6
298,2021-06-25,2021,June,6
299,2021-06-26,2021,June,6
300,2021-06-27,2021,June,6
301,2021-06-28,2021,June,6
302,2021-06-29,2021,June,6
303,2021-06-30,2021,June,6
304,2021-07-01,2021,July,7
305,2021-07-02,2021,July,7
306,2021-07-03,2021,July,7
307,2021-07-04,2021,July,7
308,2021-07-05,2021,July,7
309,2021-07-06,2021,July,7
310,2021-07-07,2021,July,7
311,2021-07-08,2021,July,7
312,2021-07-09,2021,July,7
313,2021-07-10,2021,July,7
314,2021-07-11,2021,July,7
315,2021-07-12,2021,July,7
316,2021-07-13,2021,July,7
317,2021-07-14,2021,July,7
318,2021-07-15,2021,July,7
319,2021-07-16,2021,July,7
320,2021-07-17,2021,July,7
321,2021-07-18,2021,July,7
322,2021-07-19,2021,July,7
323,2021-07-20,2021,July,7
324,2021-07-21,2021,July,7
325,2021-07-22,2021,July,7
326,2021-07-23,2021,July,7
327,2021-07-24,2021,July,7
328,2021-07-25,2021,July,7
329,2021-07-26,2021,July,7
330,2021-07-27,2021,July,7
331,2021-07-28,2021,July,7
332,2021-07-29,2021,July,7
333,2021-07-30,2021,July,7
334,2021-07-31,2021,July,7
335,2021-08-01,2021,August,8
336,2021-08-02,2021,August,8
337,2021-08-03,2021,August,8
338,2021-08-04,2021,August,8
339,2021-08-05,2021,August,8
340,2021-08-06,2021,August,8
341,2021-08-07,2021,August,8
342,2021-08-08,2021,August,8
343,2021-08-09,2021,August,8
344,2021-08-10,2021,August,8
345,2021-08-11,2021,August,8
346,2021-08-12,2021,August,8
347,2021-08-13,2021,August,8
348,2021-08-14,2021,August,8
349,2021-08-15,2021,August,8
350,2021-08-16,2021,August,8
351,2021-08-17,2021,August,8
352,2021-08-18,2021,August,8
353,2021-08-19,2021,August,8
354,2021-08-20,2021,August,8
355,2021-08-21,2021,August,8
356,2021-08-22,2021,August,8
357,2021-08-23,2021,August,8
358,2021-08-24,2021,August,8
359,2021-08-25,2021,August,8
360,2021-08-26,2021,August,8
361,2021-08-27,2021,August,8
362,2021-08-28,2021,August,8
363,2021-08-29,2021,August,8
364,2021-08-30,2021,August,8
365,2021-08-31,2021,August,8
366,2021-09-01,2021,September,9
367,2021-09-02,2021,September,9
368,2021-09-03,2021,September,9
369,2021-09-04,2021,September,9
370,2021-09-05,2021,September,9
371,2021-09-06,2021,September,9
372,2021-09-07,2021,September,9
373,2021-09-08,2021,September,9
374,2021-09-09,2021,September,9
375,2021-09-10,2021,September,9
376,2021-09-11,2021,September,9
377,2021-09-12,2021,September,9
378,2021-09-13,2021,September,9
379,2021-09-14,2021,September,9
380,2021-09-15,2021,September,9
381,2021-09-16,2021,September,9
382,2021-09-17,2021,September,9
383,2021-09-18,2021,September,9
384,2021-09-19,2021,September,9
385,2021-09-20,2021,September,9
386,2021-09-21,2021,September,9
387,2021-09-22,2021,September,9
388,2021-09-23,2021,September,9
389,2021-09-24,2021,September,9
390,2021-09-25,2021,September,9
391,2021-09-26,2021,September,9
392,2021-09-27,2021,September,9
393,2021-09-28,2021,September,9
394,2021-09-29,2021,September,9
395,2021-09-30,2021,September,9
396,2021-10-01,2021,October,10
397,2021-10-02,2021,October,10
398,2021-10-03,2021,October,10
399,2021-10-04,2021,October,10
400,2021-10-05,2021,October,10
401,2021-10-06,2021,October,10
402,2021-10-07,2021,October,10
403,2021-10-08,2021,October,10
404,2021-10-09,2021,October,10
405,2021-10-10,2021,October,10
406,2021-10-11,2021,October,10
407,2021-10-12,2021,October,10
408,2021-10-13,2021,October,10
409,2021-10-14,2021,October,10
410,2021-10-15,2021,October,10
411,2021-10-16,2021,October,10
412,2021-10-17,2021,October,10
413,2021-10-18,2021,October,10
414,2021-10-19,2021,October,10
415,2021-10-20,2021,October,10
416,2021-10-21,2021,October,10
417,2021-10-22,2021,October,10
418,2021-10-23,2021,October,10
419,2021-10-24,2021,October,10
420,2021-10-25,2021,October,10
421,2021-10-26,2021,October,10
422,2021-10-27,2021,October,10
423,2021-10-28,2021,October,10
424,2021-10-29,2021,October,10
425,2021-10-30,2021,October,10
426,2021-10-31,2021,October,10
427,2021-11-01,2021,November,11
428,2021-11-02,2021,November,11
429,2021-11-03,2021,November,11
430,2021-11-04,2021,November,11
431,2021-11-05,2021,November,11
432,2021-11-06,2021,November,11
433,2021-11-07,2021,November,11
434,2021-11-08,2021,November,11
435,2021-11-09,2021,November,11
436,2021-11-10,2021,November,11
437,2021-11-11,2021,November,11
438,2021-11-12,2021,November,11
439,2021-11-13,2021,November,11
440,2021-11-14,2021,November,11
441,2021-11-15,2021,November,11
442,2021-11-16,2021,November,11
443,2021-11-17,2021,November,11
444,2021-11-18,2021,November,11
445,2021-11-19,2021,November,11
446,2021-11-20,2021,November,11
447,2021-11-21,2021,November,11
448,2021-11-22,2021,November,11
449,2021-11-23,2021,November,11
450,2021-11-24,2021,November,11
451,2021-11-25,2021,November,11
452,2021-11-26,2021,November,11
453,2021-11-27,2021,November,11
454,2021-11-28,2021,November,11
455,2021-11-29,2021,November,11
456,2021-11-30,2021,November,11
457,2021-12-01,2021,December,12
458,2021-12-02,2021,December,12
459,2021-12-03,2021,December,12
460,2021-12-04,2021,December,12
461,2021-12-05,2021,December,12
462,2021-12-06,2021,December,12
463,2021-12-07,2021,December,12
464,2021-12-08,2021,December,12
465,2021-12-09,2021,December,12
466,2021-12-10,2021,December,12
467,2021-12-11,2021,December,12
468,2021-12-12,2021,December,12
469,2021-12-13,2021,December,12
470,2021-12-14,2021,December,12
471,2021-12-15,2021,December,12
472,2021-12-16,2021,December,12
473,2021-12-17,2021,December,12
474,2021-12-18,2021,December,12
475,2021-12-19,2021,December,12
476,2021-12-20,2021,December,12
477,2021-12-21,2021,December,12
478,2021-12-22,2021,December,12
479,2021-12-23,2021,December,12
480,2021-12-24,2021,December,12
481,2021-12-25,2021,December,12
482,2021-12-26,2021,December,12
483,2021-12-27,2021,December,12
484,2021-12-28,2021,December,12
485,2021-12-29,2021,December,12
486,2021-12-30,2021,December,12
487,2021-12-31,2021,December,12
488,2022-01-01,2022,January,1
489,2022-01-02,2022,January,1
490,2022-01-03,2022,January,1
491,2022-01-04,2022,January,1
492,2022-01-05,2022,January,1
493,2022-01-06,2022,January,1
494,2022-01-07,2022,January,1
495,2022-01-08,2022,January,1
496,2022-01-09,2022,January,1
497,2022-01-10,2022,January,1
498,2022-01-11,2022,January,1
499,2022-01-12,2022,January,1
500,2022-01-13,2022,January,1
501,2022-01-14,2022,January,1
502,2022-01-15,2022,January,1
503,2022-01-16,2022,January,1
504,2022-01-17,2022,January,1
505,2022-01-18,2022,January,1
506,2022-01-19,2022,January,1
507,2022-01-20,2022,January,1
508,2022-01-21,2022,January,1
509,2022-01-22,2022,January,1
510,2022-01-23,2022,January,1
511,2022-01-24,2022,January,1
512,2022-01-25,2022,January,1
513,2022-01-26,2022,January,1
514,2022-01-27,2022,January,1
515,2022-01-28,2022,January,1
516,2022-01-29,2022,January,1
517,2022-01-30,2022,January,1
518,2022-01-31,2022,January,1
519,2022-02-01,2022,February,2
520,2022-02-02,2022,February,2
521,2022-02-03,2022,February,2
522,2022-02-04,2022,February,2
523,2022-02-05,2022,February,2
524,2022-02-06,2022,February,2
525,2022-02-07,2022,February,2
526,2022-02-08,2022,February,2
527,2022-02-09,2022,February,2
528,2022-02-10,2022,February,2
529,2022-02-11,2022,February,2
530,2022-02-12,2022,February,2
531,2022-02-13,2022,February,2
532,2022-02-14,2022,February,2
533,2022-02-15,2022,February,2
534,2022-02-16,2022,February,2
535,2022-02-17,2022,February,2
536,2022-02-18,2022,February,2
537,2022-02-19,2022,February,2
538,2022-02-20,2022,February,2
539,2022-02-21,2022,February,2
540,2022-02-22,2022,February,2
541,2022-02-23,2022,February,2
542,2022-02-24,2022,February,2
543,2022-02-25,2022,February,2
544,2022-02-26,2022,February,2
545,2022-02-27,2022,February,2
546,2022-02-28,2022,February,2
547,2022-03-01,2022,March,3
548,2022-03-02,2022,March,3
549,2022-03-03,2022,March,3
550,2022-03-04,2022,March,3
551,2022-03-05,2022,March,3
552,2022-03-06,2022,March,3
553,2022-03-07,2022,March,3
554,2022-03-08,2022,March,3
555,2022-03-09,2022,March,3
556,2022-03-10,2022,March,3
557,2022-03-11,2022,March,3
558,2022-03-12,2022,March,3
559,2022-03-13,2022,March,3
560,2022-03-14,2022,March,3
561,2022-03-15,2022,March,3
562,2022-03-16,2022,March,3
563,2022-03-17,2022,March,3
564,2022-03-18,2022,March,3
565,2022-03-19,2022,March,3
566,2022-03-20,2022,March,3
567,2022-03-21,2022,March,3
568,2022-03-22,2022,March,3
569,2022-03-23,2022,March,3
570,2022-03-24,2022,March,3
571,2022-03-25,2022,March,3
572,2022-03-26,2022,March,3
573,2022-03-27,2022,March,3
574,2022-03-28,2022,March,3
575,2022-03-29,2022,March,3
576,2022-03-30,2022,March,3
577,2022-03-31,2022,March,3
578,2022-04-01,2022,April,4
579,2022-04-02,2022,April,4
580,2022-04-03,2022,April,4
581,2022-04-04,2022,April,4
582,2022-04-05,2022,April,4
583,2022-04-06,2022,April,4
584,2022-04-07,2022,April,4
585,2022-04-08,2022,April,4
586,2022-04-09,2022,April,4
587,2022-04-10,2022,April,4
588,2022-04-11,2022,April,4
589,2022-04-12,2022,April,4
590,2022-04-13,2022,April,4
591,2022-04-14,2022,April,4
592,2022-04-15,2022,April,4
593,2022-04-16,2022,April,4
594,2022-04-17,2022,April,4
595,2022-04-18,2022,April,4
596,2022-04-19,2022,April,4
597,2022-04-20,2022,April,4
598,2022-04-21,2022,April,4
599,2022-04-22,2022,April,4
600,2022-04-23,2022,April,4
601,2022-04-24,2022,April,4
602,2022-04-25,2022,April,4
603,2022-04-26,2022,April,4
604,2022-04-27,2022,April,4
605,2022-04-28,2022,April,4
606,2022-04-29,2022,April,4
607,2022-04-30,2022,April,4
608,2022-05-01,2022,May,5
609,2022-05-02,2022,May,5
610,2022-05-03,2022,May,5
611,2022-05-04,2022,May,5
612,2022-05-05,2022,May,5
613,2022-05-06,2022,May,5
614,2022-05-07,2022,May,5
615,2022-05-08,2022,May,5
616,2022-05-09,2022,May,5
617,2022-05-10,2022,May,5
618,2022-05-11,2022,May,5
619,2022-05-12,2022,May,5
620,2022-05-13,2022,May,5
621,2022-05-14,2022,May,5
622,2022-05-15,2022,May,5
623,2022-05-16,2022,May,5
624,2022-05-17,2022,May,5
625,2022-05-18,2022,May,5
626,2022-05-19,2022,May,5
627,2022-05-20,2022,May,5
628,2022-05-21,2022,May,5
629,2022-05-22,2022,May,5
630,2022-05-23,2022,May,5
631,2022-05-24,2022,May,5
632,2022-05-25,2022,May,5
633,2022-05-26,2022,May,5
634,2022-05-27,2022,May,5
635,2022-05-28,2022,May,5
636,2022-05-29,2022,May,5
637,2022-05-30,2022,May,5
638,2022-05-31,2022,May,5
639,2022-06-01,2022,June,6
640,2022-06-02,2022,June,6
641,2022-06-03,2022,June,6
642,2022-06-04,2022,June,6
643,2022-06-05,2022,June,6
644,2022-06-06,2022,June,6
645,2022-06-07,2022,June,6
646,2022-06-08,2022,June,6
647,2022-06-09,2022,June,6
648,2022-06-10,2022,June,6
649,2022-06-11,2022,June,6
650,2022-06-12,2022,June,6
651,2022-06-13,2022,June,6
652,2022-06-14,2022,June,6
653,2022-06-15,2022,June,6
654,2022-06-16,2022,June,6
655,2022-06-17,2022,June,6
656,2022-06-18,2022,June,6
657,2022-06-19,2022,June,6
658,2022-06-20,2022,June,6
659,2022-06-21,2022,June,6
660,2022-06-22,2022,June,6
661,2022-06-23,2022,June,6
662,2022-06-24,2022,June,6
663,2022-06-25,2022,June,6
664,2022-06-26,2022,June,6
665,2022-06-27,2022,June,6
666,2022-06-28,2022,June,6
667,2022-06-29,2022,June,6
668,2022-06-30,2022,June,6
